timestamp,asset_id,asset_name,temperature_c,vibration,pressure,operating_hours,status
2026-09-01 08:00:00,AC001,HVAC Unit 1,32,2.1,101,1200,Normal
2026-09-01 09:00:00,AC002,HVAC Unit 2,38,3.5,98,1450,Warning
2026-09-01 10:00:00,PUMP001,Water Pump 1,45,4.8,92,2100,Warning
2026-09-01 11:00:00,PUMP002,Water Pump 2,68,8.2,85,3200,Critical
2026-09-01 12:00:00,GEN001,Generator 1,40,2.8,105,1800,Normal
2026-09-02 08:00:00,AC001,HVAC Unit 1,33,2.3,100,1210,Normal
2026-09-02 09:00:00,AC002,HVAC Unit 2,42,4.1,96,1460,Warning
2026-09-02 10:00:00,PUMP001,Water Pump 1,52,5.9,89,2120,Warning
2026-09-02 11:00:00,PUMP002,Water Pump 2,75,9.5,80,3220,Critical
2026-09-02 12:00:00,GEN001,Generator 1,41,3.0,104,1810,Normal
2026-09-03 08:00:00,AC001,HVAC Unit 1,34,2.5,100,1220,Normal
2026-09-03 09:00:00,AC002,HVAC Unit 2,48,5.2,93,1475,Warning
2026-09-03 10:00:00,PUMP001,Water Pump 1,58,6.8,87,2150,Warning
2026-09-03 11:00:00,PUMP002,Water Pump 2,82,11.0,75,3250,Critical
2026-09-03 12:00:00,GEN001,Generator 1,43,3.4,103,1830,Normal