timestamp,electricity_kwh,water_liters,temperature_c,hvac_usage,occupancy,label
2026-08-01 00:00,37.96,347.73,24.43,19.6,10,Normal
2026-08-01 01:00,29.61,473.69,24.25,14.88,1,Normal
2026-08-01 02:00,34.35,478.88,24.1,24.36,13,Normal
2026-08-01 03:00,43.78,428.74,23.02,21.1,15,Normal
2026-08-01 04:00,27.06,364.12,20.3,17.01,0,Normal
2026-08-01 05:00,21.39,292.36,22.24,15.4,0,Normal
2026-08-01 06:00,29.11,390.3,22.19,17.71,9,Normal
2026-08-01 07:00,27.28,411.36,22.87,16.69,6,Normal
2026-08-01 08:00,56.25,689.57,24.46,32.67,40,Normal
2026-08-01 09:00,61.18,996.68,22.35,31.92,56,Normal
2026-08-01 10:00,184.91,1477.91,24.49,81.62,10,Anomaly
2026-08-01 11:00,96.1,1556.63,26.47,50.44,102,Normal
2026-08-01 12:00,97.16,1557.67,25.77,50.55,107,Normal
2026-08-01 13:00,108.47,1680.5,29.18,61.0,118,Normal
2026-08-01 14:00,106.43,1591.28,29.12,62.44,110,Normal
2026-08-01 15:00,98.65,1374.22,30.14,61.49,91,Normal
2026-08-01 16:00,172.88,1281.55,29.41,81.5,12,Anomaly
2026-08-01 17:00,165.41,1024.14,30.65,72.39,55,Anomaly
2026-08-01 18:00,58.89,730.68,30.72,46.6,46,Normal
2026-08-01 19:00,42.26,456.34,29.65,31.93,8,Normal
2026-08-01 20:00,42.92,357.42,29.02,33.85,7,Normal
2026-08-01 21:00,37.33,362.39,28.22,21.36,3,Normal
2026-08-01 22:00,46.43,425.11,26.34,25.44,17,Normal
2026-08-01 23:00,35.89,477.0,25.88,21.75,7,Normal
2026-08-02 00:00,27.39,447.19,24.84,14.29,5,Normal
2026-08-02 01:00,33.81,439.17,24.31,17.46,6,Normal
2026-08-02 02:00,32.99,337.97,23.97,18.55,12,Normal
2026-08-02 03:00,32.62,490.04,21.69,15.39,11,Normal
2026-08-02 04:00,39.63,460.34,22.04,20.1,11,Normal
2026-08-02 05:00,32.45,319.63,23.19,18.55,11,Normal
2026-08-02 06:00,41.24,574.3,21.54,15.94,23,Normal
2026-08-02 07:00,32.27,385.52,21.88,14.56,5,Normal
2026-08-02 08:00,48.65,770.93,23.33,29.76,36,Normal
2026-08-02 09:00,66.37,984.41,24.68,32.24,56,Normal
2026-08-02 10:00,83.28,1340.39,24.97,41.21,85,Normal
2026-08-02 11:00,98.79,1663.15,27.06,55.81,105,Normal
2026-08-02 12:00,95.35,1657.82,27.72,55.2,106,Normal
2026-08-02 13:00,96.82,1347.31,28.67,59.34,104,Normal
2026-08-02 14:00,95.86,1489.78,29.27,57.84,101,Normal
2026-08-02 15:00,104.52,1500.47,31.33,64.5,101,Normal
2026-08-02 16:00,83.78,1209.35,29.7,51.51,86,Normal
2026-08-02 17:00,76.84,1086.59,28.4,45.84,65,Normal
2026-08-02 18:00,55.61,807.41,31.15,42.89,35,Normal
2026-08-02 19:00,39.82,343.94,29.1,28.37,10,Normal
2026-08-02 20:00,39.54,431.55,28.91,26.64,9,Normal
2026-08-02 21:00,54.06,355.89,29.05,33.96,10,Normal
2026-08-02 22:00,34.44,420.97,25.75,24.72,14,Normal
2026-08-02 23:00,41.04,523.42,25.0,19.93,10,Normal
2026-08-03 00:00,37.49,418.02,23.68,20.66,13,Normal
2026-08-03 01:00,37.45,428.35,23.36,22.23,8,Normal
2026-08-03 02:00,31.06,289.01,23.52,12.91,10,Normal
2026-08-03 03:00,34.29,574.36,22.96,14.57,12,Normal
2026-08-03 04:00,24.94,342.19,22.36,11.62,0,Normal
2026-08-03 05:00,37.5,359.23,20.87,17.18,6,Normal
2026-08-03 06:00,26.13,400.29,20.29,12.08,5,Normal
2026-08-03 07:00,36.1,249.31,22.58,18.3,4,Normal
2026-08-03 08:00,46.05,838.78,22.79,22.57,38,Normal
2026-08-03 09:00,71.15,1141.32,24.37,35.61,72,Normal
2026-08-03 10:00,73.62,1185.72,25.53,43.7,75,Normal
2026-08-03 11:00,96.66,1501.58,26.11,51.66,103,Normal
2026-08-03 12:00,98.95,1399.35,27.64,54.26,95,Normal
2026-08-03 13:00,100.02,1644.63,28.18,56.88,108,Normal
2026-08-03 14:00,101.98,1613.91,29.25,60.63,108,Normal
2026-08-03 15:00,93.36,1557.62,28.9,57.54,101,Normal
2026-08-03 16:00,90.25,1331.38,29.72,57.0,86,Normal
2026-08-03 17:00,74.04,1139.92,30.16,52.73,67,Normal
2026-08-03 18:00,55.09,726.68,30.52,38.12,38,Normal
2026-08-03 19:00,36.6,516.08,29.15,23.99,5,Normal
2026-08-03 20:00,95.82,358.24,29.25,65.03,14,Anomaly
2026-08-03 21:00,52.88,472.27,27.79,31.86,7,Normal
2026-08-03 22:00,29.57,395.75,26.94,21.41,0,Normal
2026-08-03 23:00,35.62,240.35,26.66,18.28,0,Normal
2026-08-04 00:00,31.17,480.05,23.37,17.47,2,Normal
2026-08-04 01:00,36.05,501.68,22.96,21.59,11,Normal
2026-08-04 02:00,37.47,475.98,21.99,21.48,9,Normal
2026-08-04 03:00,34.02,457.96,20.67,15.86,13,Normal
2026-08-04 04:00,28.99,344.79,21.59,12.99,5,Normal
2026-08-04 05:00,29.74,393.34,22.6,14.76,9,Normal
2026-08-04 06:00,28.36,471.34,21.91,16.79,12,Normal
2026-08-04 07:00,24.69,470.08,22.69,15.91,6,Normal
2026-08-04 08:00,56.28,828.69,24.04,27.09,43,Normal
2026-08-04 09:00,68.42,920.2,25.06,42.44,57,Normal
2026-08-04 10:00,79.66,1305.71,24.91,47.48,79,Normal
2026-08-04 11:00,92.95,1492.48,27.08,54.51,94,Normal
2026-08-04 12:00,94.53,1521.83,27.11,49.52,98,Normal
2026-08-04 13:00,104.88,1708.18,27.33,59.53,113,Normal
2026-08-04 14:00,235.35,1517.04,28.35,81.63,12,Anomaly
2026-08-04 15:00,99.98,1398.97,28.28,55.9,97,Normal
2026-08-04 16:00,96.99,1259.23,29.15,56.89,85,Normal
2026-08-04 17:00,80.22,965.52,29.71,50.68,65,Normal
2026-08-04 18:00,71.43,856.59,30.51,47.13,45,Normal
2026-08-04 19:00,49.91,378.16,30.84,36.92,7,Normal
2026-08-04 20:00,43.22,329.2,27.72,28.61,5,Normal
2026-08-04 21:00,39.06,177.11,28.31,24.1,7,Normal
2026-08-04 22:00,35.41,212.69,26.2,23.1,0,Normal
2026-08-04 23:00,34.1,378.46,26.38,21.57,0,Normal
2026-08-05 00:00,24.04,253.48,24.86,16.05,0,Normal
2026-08-05 01:00,34.29,337.24,22.54,20.1,1,Normal
2026-08-05 02:00,34.15,334.65,23.91,26.08,11,Normal
2026-08-05 03:00,27.59,424.71,22.05,18.35,2,Normal
2026-08-05 04:00,76.67,349.92,21.71,24.84,9,Anomaly
2026-08-05 05:00,41.84,524.3,21.14,20.53,17,Normal
2026-08-05 06:00,35.87,534.8,21.61,14.46,6,Normal
2026-08-05 07:00,35.23,562.15,22.88,19.78,13,Normal
2026-08-05 08:00,41.42,674.54,23.02,21.8,33,Normal
2026-08-05 09:00,66.01,978.47,24.26,36.57,60,Normal
2026-08-05 10:00,76.57,1165.21,25.25,41.66,74,Normal
2026-08-05 11:00,88.43,1463.69,27.06,47.14,94,Normal
2026-08-05 12:00,105.51,1636.63,26.76,55.28,112,Normal
2026-08-05 13:00,91.13,1448.33,26.82,51.4,98,Normal
2026-08-05 14:00,108.96,1722.7,29.68,66.69,110,Normal
2026-08-05 15:00,216.8,1468.01,29.2,88.36,4,Anomaly
2026-08-05 16:00,87.54,1384.97,30.76,54.46,77,Normal
2026-08-05 17:00,70.52,930.35,30.31,47.18,52,Normal
2026-08-05 18:00,59.7,916.97,29.76,42.28,41,Normal
2026-08-05 19:00,38.98,373.01,29.74,31.15,4,Normal
2026-08-05 20:00,42.01,487.41,30.39,31.61,10,Normal
2026-08-05 21:00,41.24,345.28,29.66,32.24,8,Normal
2026-08-05 22:00,51.19,468.24,27.09,27.88,19,Normal
2026-08-05 23:00,69.55,404.18,26.13,36.63,13,Anomaly
2026-08-06 00:00,32.93,381.2,25.83,23.83,1,Normal
2026-08-06 01:00,26.52,410.82,23.32,20.21,9,Normal
2026-08-06 02:00,27.86,329.95,23.44,14.2,10,Normal
2026-08-06 03:00,37.12,420.78,22.52,19.41,18,Normal
2026-08-06 04:00,35.02,368.1,22.39,21.36,14,Normal
2026-08-06 05:00,39.5,296.27,21.33,18.11,10,Normal
2026-08-06 06:00,37.39,523.66,20.86,19.22,18,Normal
2026-08-06 07:00,30.46,378.75,20.88,11.25,0,Normal
2026-08-06 08:00,47.51,731.06,22.28,21.76,36,Normal
2026-08-06 09:00,112.77,801.77,23.63,36.79,9,Anomaly
2026-08-06 10:00,78.02,1222.65,24.73,42.48,78,Normal
2026-08-06 11:00,87.9,1332.6,27.55,51.31,87,Normal
2026-08-06 12:00,111.51,1778.72,27.92,61.57,111,Normal
2026-08-06 13:00,92.2,1494.0,27.23,58.65,108,Normal
2026-08-06 14:00,86.53,1424.65,29.11,55.72,96,Normal
2026-08-06 15:00,86.63,1499.41,29.14,50.77,90,Normal
2026-08-06 16:00,153.34,1327.5,29.64,77.34,14,Anomaly
2026-08-06 17:00,82.01,1143.43,30.15,50.94,67,Normal
2026-08-06 18:00,72.8,956.02,30.36,46.5,54,Normal
2026-08-06 19:00,51.32,659.1,29.19,35.53,28,Normal
2026-08-06 20:00,86.37,486.43,29.68,56.96,17,Anomaly
2026-08-06 21:00,37.85,255.34,27.09,23.56,1,Normal
2026-08-06 22:00,33.56,361.46,27.04,22.8,0,Normal
2026-08-06 23:00,46.01,323.89,28.08,30.71,10,Normal
2026-08-07 00:00,62.69,346.99,25.14,25.67,16,Anomaly
2026-08-07 01:00,32.58,372.51,25.15,22.65,5,Normal
2026-08-07 02:00,34.35,304.86,23.24,18.28,4,Normal
2026-08-07 03:00,30.71,382.41,23.0,14.34,7,Normal
2026-08-07 04:00,35.07,436.42,22.09,16.56,15,Normal
2026-08-07 05:00,40.76,332.98,21.86,20.13,9,Normal
2026-08-07 06:00,34.56,359.25,21.51,18.68,15,Anomaly
2026-08-07 07:00,18.9,234.72,22.88,9.47,1,Normal
2026-08-07 08:00,36.02,658.6,22.49,16.93,28,Normal
2026-08-07 09:00,63.98,915.49,24.53,35.5,58,Normal
2026-08-07 10:00,80.12,1321.84,25.83,44.81,81,Normal
2026-08-07 11:00,92.34,1525.3,26.29,53.21,109,Normal
2026-08-07 12:00,201.34,1544.36,26.81,101.28,11,Anomaly
2026-08-07 13:00,97.72,1660.28,28.36,52.34,117,Normal
2026-08-07 14:00,108.86,1628.76,28.58,58.11,103,Normal
2026-08-07 15:00,101.81,1379.12,30.21,60.99,88,Normal
2026-08-07 16:00,76.69,1173.18,28.4,45.01,74,Normal
2026-08-07 17:00,70.02,1018.91,29.73,45.43,57,Normal
2026-08-07 18:00,62.85,812.5,28.27,40.54,55,Normal
2026-08-07 19:00,27.63,320.98,28.27,25.27,2,Normal
2026-08-07 20:00,45.49,607.83,29.92,33.96,14,Normal
2026-08-07 21:00,36.44,333.26,28.72,33.22,2,Normal
2026-08-07 22:00,45.49,484.75,26.46,33.12,15,Normal
2026-08-07 23:00,30.41,470.37,24.8,21.83,11,Normal
2026-08-08 00:00,32.57,446.69,22.59,22.58,7,Normal
2026-08-08 01:00,34.56,256.18,23.57,19.39,8,Normal
2026-08-08 02:00,37.97,218.24,25.11,26.54,3,Normal
2026-08-08 03:00,36.21,446.72,22.88,18.34,11,Normal
2026-08-08 04:00,24.38,309.96,21.69,14.71,5,Normal
2026-08-08 05:00,31.5,391.84,22.37,15.51,0,Normal
2026-08-08 06:00,28.25,277.94,20.89,20.69,0,Normal
2026-08-08 07:00,76.48,272.58,22.3,25.16,9,Anomaly
2026-08-08 08:00,108.48,823.24,23.25,46.0,51,Anomaly
2026-08-08 09:00,63.91,863.52,23.93,38.4,63,Normal
2026-08-08 10:00,78.17,1243.61,25.6,42.83,80,Normal
2026-08-08 11:00,168.26,1474.81,26.28,79.61,12,Anomaly
2026-08-08 12:00,108.86,1662.29,27.57,61.06,116,Normal
2026-08-08 13:00,101.55,1719.52,27.45,57.04,112,Normal
2026-08-08 14:00,106.91,1631.9,29.55,60.16,104,Normal
2026-08-08 15:00,106.04,1536.07,30.77,62.05,104,Normal
2026-08-08 16:00,87.17,1158.57,29.09,53.72,84,Normal
2026-08-08 17:00,84.44,1207.21,29.29,51.07,72,Normal
2026-08-08 18:00,68.25,830.88,30.93,38.92,41,Normal
2026-08-08 19:00,46.44,321.66,29.31,31.68,0,Normal
2026-08-08 20:00,31.38,368.7,29.95,28.15,0,Normal
2026-08-08 21:00,40.44,458.46,27.65,27.29,20,Normal
2026-08-08 22:00,92.45,680.61,28.2,50.37,4,Anomaly
2026-08-08 23:00,32.86,316.84,26.11,24.84,7,Normal
2026-08-09 00:00,27.74,412.45,25.17,19.9,5,Normal
2026-08-09 01:00,42.0,397.89,25.25,28.29,18,Normal
2026-08-09 02:00,27.17,234.88,22.88,11.51,0,Normal
2026-08-09 03:00,26.53,430.15,21.78,12.46,2,Normal
2026-08-09 04:00,30.6,437.74,21.78,15.0,13,Normal
2026-08-09 05:00,27.58,418.79,22.36,15.66,5,Normal
2026-08-09 06:00,27.75,412.59,20.88,14.22,8,Normal
2026-08-09 07:00,27.07,376.65,23.05,14.84,7,Normal
2026-08-09 08:00,63.72,899.47,22.74,29.16,42,Normal
2026-08-09 09:00,75.07,1135.43,24.92,40.09,71,Normal
2026-08-09 10:00,77.56,1159.35,23.05,33.19,82,Normal
2026-08-09 11:00,86.69,1455.77,25.37,43.42,101,Normal
2026-08-09 12:00,86.73,1442.58,25.69,47.43,92,Normal
2026-08-09 13:00,97.41,1647.69,27.34,55.48,110,Normal
2026-08-09 14:00,86.88,1402.31,29.03,57.03,101,Normal
2026-08-09 15:00,84.72,1305.3,29.32,54.26,88,Normal
2026-08-09 16:00,76.14,1159.28,29.66,52.13,75,Normal
2026-08-09 17:00,66.46,982.42,29.87,50.28,59,Normal
2026-08-09 18:00,59.06,755.69,30.03,40.8,46,Normal
2026-08-09 19:00,39.37,256.01,28.66,24.73,0,Normal
2026-08-09 20:00,39.92,345.0,29.39,28.83,8,Normal
2026-08-09 21:00,44.91,414.01,28.53,30.23,5,Normal
2026-08-09 22:00,42.16,428.64,27.34,30.77,6,Normal
2026-08-09 23:00,44.52,469.79,26.45,26.29,15,Normal
2026-08-10 00:00,30.16,416.56,25.2,16.5,12,Normal
2026-08-10 01:00,41.04,513.79,25.63,21.23,17,Normal
2026-08-10 02:00,33.92,326.84,23.1,15.49,7,Normal
2026-08-10 03:00,25.67,255.72,22.29,13.41,3,Normal
2026-08-10 04:00,31.23,306.18,21.53,13.03,6,Normal
2026-08-10 05:00,34.02,375.56,21.17,14.7,10,Normal
2026-08-10 06:00,54.64,326.56,21.14,20.49,8,Anomaly
2026-08-10 07:00,24.14,311.34,21.82,16.36,0,Normal
2026-08-10 08:00,47.06,843.08,23.12,25.51,41,Normal
2026-08-10 09:00,66.67,944.9,24.27,33.64,63,Normal
2026-08-10 10:00,92.98,1489.76,25.01,49.37,99,Normal
2026-08-10 11:00,91.74,1604.6,25.39,47.25,110,Normal
2026-08-10 12:00,96.74,1535.91,27.76,55.71,101,Normal
2026-08-10 13:00,103.76,1595.09,28.59,58.65,108,Normal
2026-08-10 14:00,96.4,1350.25,28.7,54.78,96,Normal
2026-08-10 15:00,101.46,1315.63,28.94,59.4,92,Normal
2026-08-10 16:00,92.57,1298.06,30.3,53.24,83,Normal
2026-08-10 17:00,80.65,1212.01,30.15,57.31,70,Normal
2026-08-10 18:00,63.79,565.01,28.71,37.48,35,Normal
2026-08-10 19:00,34.63,360.2,29.41,26.91,3,Normal
2026-08-10 20:00,41.22,383.27,29.04,29.29,0,Normal
2026-08-10 21:00,36.78,373.29,27.28,23.95,7,Normal
2026-08-10 22:00,31.75,350.51,27.19,23.04,1,Normal
2026-08-10 23:00,26.85,298.79,24.84,22.15,4,Normal
2026-08-11 00:00,34.21,315.64,26.03,24.7,2,Normal
2026-08-11 01:00,27.89,270.54,25.0,20.29,7,Normal
2026-08-11 02:00,60.2,135.9,22.97,24.93,17,Anomaly
2026-08-11 03:00,36.35,365.99,22.83,18.89,0,Normal
2026-08-11 04:00,37.74,507.05,20.21,20.41,23,Normal
2026-08-11 05:00,27.76,268.11,21.07,13.15,0,Normal
2026-08-11 06:00,26.46,202.95,21.9,17.47,0,Normal
2026-08-11 07:00,32.84,453.3,21.68,13.13,21,Normal
2026-08-11 08:00,163.74,1007.83,23.74,56.15,19,Anomaly
2026-08-11 09:00,62.05,884.93,25.6,33.75,53,Normal
2026-08-11 10:00,84.48,1274.46,24.02,40.53,79,Normal
2026-08-11 11:00,88.16,1519.68,25.33,46.93,99,Normal
2026-08-11 12:00,109.62,1750.46,27.22,57.91,119,Normal
2026-08-11 13:00,103.33,1552.7,29.29,64.12,103,Normal
2026-08-11 14:00,101.27,1670.44,27.85,55.36,105,Normal
2026-08-11 15:00,98.22,1449.27,29.66,60.26,102,Normal
2026-08-11 16:00,90.09,1304.15,31.32,56.93,84,Normal
2026-08-11 17:00,71.59,1087.29,28.68,45.04,59,Normal
2026-08-11 18:00,56.77,856.52,28.84,39.58,39,Normal
2026-08-11 19:00,40.55,200.48,29.13,30.62,0,Normal
2026-08-11 20:00,44.49,350.14,28.41,32.88,6,Normal
2026-08-11 21:00,45.55,467.07,28.65,34.85,6,Normal
2026-08-11 22:00,115.01,455.57,27.23,43.11,13,Anomaly
2026-08-11 23:00,39.88,361.67,24.58,22.16,4,Normal
2026-08-12 00:00,34.55,416.76,25.38,20.66,11,Normal
2026-08-12 01:00,39.39,453.13,23.54,20.92,15,Normal
2026-08-12 02:00,34.73,428.18,24.19,23.76,9,Normal
2026-08-12 03:00,34.69,402.33,22.03,19.07,10,Normal
2026-08-12 04:00,29.14,393.02,21.63,15.65,8,Normal
2026-08-12 05:00,40.48,401.5,22.43,19.45,8,Normal
2026-08-12 06:00,32.13,288.53,22.75,17.55,3,Normal
2026-08-12 07:00,35.61,457.25,22.89,21.97,10,Normal
2026-08-12 08:00,55.4,972.0,21.82,25.0,39,Normal
2026-08-12 09:00,130.99,1087.61,24.43,63.11,76,Anomaly
2026-08-12 10:00,77.88,1426.68,24.14,45.07,92,Normal
2026-08-12 11:00,89.9,1434.79,26.19,41.74,99,Normal
2026-08-12 12:00,94.2,1552.42,25.9,51.6,101,Normal
2026-08-12 13:00,91.22,1527.26,28.36,45.2,102,Normal
2026-08-12 14:00,198.23,1733.33,28.18,85.92,11,Anomaly
2026-08-12 15:00,95.83,1558.29,28.44,56.56,98,Normal
2026-08-12 16:00,99.02,1333.47,30.43,57.39,85,Normal
2026-08-12 17:00,69.08,967.24,30.19,41.86,49,Normal
2026-08-12 18:00,64.36,687.9,29.37,40.56,46,Normal
2026-08-12 19:00,46.71,543.33,30.63,39.77,11,Normal
2026-08-12 20:00,33.58,326.25,28.48,26.39,0,Normal
2026-08-12 21:00,85.53,435.45,28.03,43.54,4,Anomaly
2026-08-12 22:00,41.39,334.61,27.25,27.95,10,Normal
2026-08-12 23:00,40.84,337.85,25.5,24.77,8,Normal
2026-08-13 00:00,32.08,382.22,25.34,27.48,6,Normal
2026-08-13 01:00,30.91,382.81,23.57,19.41,7,Normal
2026-08-13 02:00,25.07,391.81,22.84,14.13,6,Normal
2026-08-13 03:00,69.26,483.92,23.63,28.44,11,Anomaly
2026-08-13 04:00,36.82,392.43,21.3,17.0,18,Normal
2026-08-13 05:00,13.08,368.17,20.07,5.26,0,Normal
2026-08-13 06:00,34.45,372.58,23.43,17.65,6,Normal
2026-08-13 07:00,37.51,393.74,24.58,19.56,9,Normal
2026-08-13 08:00,54.13,701.02,22.85,30.0,42,Normal
2026-08-13 09:00,53.15,1043.21,22.45,31.22,59,Normal
2026-08-13 10:00,67.73,959.01,24.72,38.05,69,Normal
2026-08-13 11:00,96.56,1533.39,25.77,49.3,99,Normal
2026-08-13 12:00,94.78,1623.55,26.88,58.33,119,Normal
2026-08-13 13:00,93.56,1491.74,27.11,54.41,99,Normal
2026-08-13 14:00,98.62,1647.66,29.29,58.28,113,Normal
2026-08-13 15:00,95.89,1509.87,29.88,54.14,94,Normal
2026-08-13 16:00,84.59,1259.49,28.67,54.26,81,Normal
2026-08-13 17:00,72.4,899.41,30.56,46.31,54,Normal
2026-08-13 18:00,62.81,720.54,31.51,40.9,38,Normal
2026-08-13 19:00,56.15,593.1,29.6,36.42,17,Normal
2026-08-13 20:00,43.53,481.54,28.56,32.78,12,Normal
2026-08-13 21:00,45.82,513.01,27.89,27.56,20,Normal
2026-08-13 22:00,72.85,475.45,27.53,38.88,6,Anomaly
2026-08-13 23:00,43.4,322.3,24.62,24.64,11,Normal
2026-08-14 00:00,41.0,567.19,25.1,27.13,20,Normal
2026-08-14 01:00,34.86,308.81,23.69,22.29,11,Normal
2026-08-14 02:00,36.23,520.63,24.65,19.14,14,Normal
2026-08-14 03:00,25.41,381.0,22.4,17.15,6,Normal
2026-08-14 04:00,34.08,563.09,23.47,18.17,8,Normal
2026-08-14 05:00,30.31,258.99,21.12,11.05,3,Normal
2026-08-14 06:00,39.61,472.81,22.61,21.75,15,Normal
2026-08-14 07:00,24.5,425.88,22.79,19.78,0,Normal
2026-08-14 08:00,57.61,923.4,22.48,32.63,45,Normal
2026-08-14 09:00,71.55,971.27,24.14,39.06,60,Normal
2026-08-14 10:00,78.32,1383.68,25.93,46.85,89,Normal
2026-08-14 11:00,89.98,1524.14,25.74,51.45,102,Normal
2026-08-14 12:00,108.74,1747.74,25.68,57.32,119,Normal
2026-08-14 13:00,105.95,1631.09,27.99,59.33,115,Normal
2026-08-14 14:00,95.27,1445.75,28.11,54.31,96,Normal
2026-08-14 15:00,103.96,1340.14,29.19,58.77,96,Normal
2026-08-14 16:00,171.21,1185.46,29.8,84.77,73,Anomaly
2026-08-14 17:00,72.45,1027.5,28.64,42.25,58,Normal
2026-08-14 18:00,76.97,896.08,28.57,41.09,51,Normal
2026-08-14 19:00,45.67,330.95,29.85,36.13,12,Normal
2026-08-14 20:00,34.63,405.2,28.41,28.55,3,Normal
2026-08-14 21:00,35.46,337.52,25.95,23.59,1,Normal
2026-08-14 22:00,42.82,345.18,27.66,30.31,8,Normal
2026-08-14 23:00,30.03,280.36,26.22,21.75,0,Normal
