timestamp,facility,zone,capacity,occupancy
2026-09-01 08:00,Headquarters • Building A,Floor 1,100,42
2026-09-01 09:00,Headquarters • Building A,Floor 1,100,58
2026-09-01 10:00,Headquarters • Building A,Floor 1,100,67
2026-09-01 11:00,Headquarters • Building A,Floor 1,100,72
2026-09-01 12:00,Headquarters • Building A,Floor 1,100,61
2026-09-01 13:00,Headquarters • Building A,Floor 1,100,55
2026-09-01 14:00,Headquarters • Building A,Floor 1,100,64
2026-09-01 15:00,Headquarters • Building A,Floor 1,100,70
2026-09-01 16:00,Headquarters • Building A,Floor 1,100,76
2026-09-01 17:00,Headquarters • Building A,Floor 1,100,68
2026-09-01 08:00,Corporate Office • Building B,Floor 1,80,35
2026-09-01 09:00,Corporate Office • Building B,Floor 1,80,46
2026-09-01 10:00,Corporate Office • Building B,Floor 1,80,54
2026-09-01 11:00,Corporate Office • Building B,Floor 1,80,62
2026-09-01 12:00,Corporate Office • Building B,Floor 1,80,57
2026-09-01 13:00,Corporate Office • Building B,Floor 1,80,49
2026-09-01 14:00,Corporate Office • Building B,Floor 1,80,55
2026-09-01 15:00,Corporate Office • Building B,Floor 1,80,63
2026-09-01 16:00,Corporate Office • Building B,Floor 1,80,69
2026-09-01 17:00,Corporate Office • Building B,Floor 1,80,60
2026-09-01 08:00,University Campus,Block A,150,72
2026-09-01 09:00,University Campus,Block A,150,88
2026-09-01 10:00,University Campus,Block A,150,103
2026-09-01 11:00,University Campus,Block A,150,117
2026-09-01 12:00,University Campus,Block A,150,109
2026-09-01 13:00,University Campus,Block A,150,96
2026-09-01 14:00,University Campus,Block A,150,112
2026-09-01 15:00,University Campus,Block A,150,121
2026-09-01 16:00,University Campus,Block A,150,132
2026-09-01 17:00,University Campus,Block A,150,115